,fixed acidity,volatile acidity,citric acid,residual sugar,chlorides,free sulfur dioxide,total sulfur dioxide,density,pH,sulphates,alcohol,quality
0,0,1,0,0,0,0,0,2,2,0,0,1
1,1,2,0,0,0,1,0,1,1,0,0,1
2,1,1,0,0,0,0,0,2,1,0,0,1
3,2,0,2,0,0,0,0,2,1,0,0,1
4,0,1,0,0,0,0,0,2,2,0,0,1
5,0,1,0,0,0,0,0,2,2,0,0,1
6,1,1,0,0,0,0,0,1,1,0,0,1
7,0,1,0,0,0,0,0,1,2,0,0,2
8,1,1,0,0,0,0,0,1,1,0,0,2
9,1,1,1,1,0,0,1,2,1,1,1,1
10,0,1,0,0,0,0,0,1,1,0,0,1
11,1,1,1,1,0,0,1,2,1,1,1,1
12,0,1,0,0,0,0,0,1,2,0,0,1
13,1,1,1,0,0,0,0,2,1,2,0,1
14,1,1,0,0,1,2,1,2,1,1,0,1
15,1,1,0,0,1,2,2,2,1,1,0,1
16,1,0,2,0,0,1,1,2,1,1,1,2
17,1,1,1,0,2,0,0,1,1,2,0,1
18,0,1,0,0,0,0,0,2,2,0,0,0
19,1,0,2,0,2,0,0,2,0,1,0,1
20,1,0,1,0,0,1,0,1,2,0,0,1
21,1,0,1,0,0,1,0,2,2,0,0,1
22,1,0,0,0,0,0,0,1,1,1,0,1
23,1,1,0,0,0,0,0,1,1,0,0,1
24,0,0,0,0,0,1,0,1,2,0,0,1
25,0,0,0,0,0,0,0,1,1,0,0,1
26,1,0,0,0,0,0,0,1,1,0,0,1
27,1,0,0,0,0,0,0,1,1,1,0,1
28,0,1,0,0,0,0,0,2,2,0,0,1
29,1,1,0,0,0,0,0,1,2,0,0,1
30,0,1,0,0,0,0,1,1,1,0,1,1
31,0,1,0,0,0,1,0,1,2,0,1,1
32,1,1,0,0,0,0,1,1,1,0,0,1
33,0,1,0,2,0,2,1,2,2,0,0,1
34,0,0,1,0,0,0,0,1,2,0,0,1
35,1,1,0,1,0,0,0,2,2,0,0,1
36,1,1,0,0,0,0,0,2,2,0,1,1
37,1,0,1,0,0,0,0,1,1,0,0,2
38,0,2,0,0,1,0,0,1,2,0,0,0
39,0,0,1,1,0,0,1,2,1,1,1,1
40,0,0,1,1,0,0,1,2,1,1,1,1
41,1,1,1,0,0,0,0,2,1,0,0,0
42,1,1,0,0,2,0,0,1,1,1,1,1
43,1,1,0,0,0,0,0,1,1,2,1,1
44,0,1,0,0,0,0,0,1,2,0,0,1
45,0,1,0,0,0,0,0,0,3,0,2,0
46,1,2,1,0,0,1,1,2,1,0,0,1
47,1,0,2,0,0,0,0,2,1,0,0,1
48,0,0,0,0,0,0,0,1,1,0,0,1
49,0,0,1,0,0,0,1,1,1,0,0,1
50,1,1,1,0,0,0,0,2,1,0,0,1
51,0,1,0,0,0,0,0,1,2,0,0,1
52,0,1,0,0,0,0,0,1,2,0,0,1
53,1,0,1,0,0,1,1,2,1,0,0,1
54,1,1,0,0,0,1,0,1,1,0,1,1
55,1,1,0,0,0,1,0,2,1,0,0,1
56,1,0,2,0,0,0,0,2,0,0,0,1
57,1,1,0,1,0,2,1,2,1,1,0,1
58,1,1,0,0,0,0,0,2,2,0,0,1
59,0,0,1,0,0,0,0,1,2,0,0,1
60,1,0,1,0,0,1,0,2,2,0,0,1
61,1,1,1,0,0,1,1,1,1,0,0,1
62,1,1,0,0,0,0,0,1,2,0,0,2
63,0,1,0,0,0,0,0,1,2,0,0,1
64,0,1,0,1,0,0,0,1,2,0,1,1
65,0,1,0,1,0,0,0,1,2,0,1,1
66,1,1,0,0,0,0,0,1,2,0,0,1
67,0,1,0,0,0,0,0,1,2,0,1,1
68,1,0,2,0,0,1,0,2,1,1,1,1
69,1,1,0,0,0,0,0,1,1,1,1,1
70,1,1,0,0,0,0,0,1,1,0,0,1
71,1,1,0,0,0,0,1,1,1,0,0,1
72,1,1,0,0,0,0,1,1,1,0,0,1
73,1,1,1,0,0,0,0,2,1,0,0,0
74,1,0,2,0,0,1,1,2,1,1,0,1
75,1,0,2,0,0,0,0,2,2,0,1,1
76,1,0,2,0,0,0,0,2,2,0,1,1
77,0,1,0,0,0,0,0,1,2,0,1,1
78,0,1,0,0,0,0,1,1,2,0,1,1
79,1,1,0,0,0,1,1,2,1,1,0,0
80,0,0,0,0,0,0,0,1,2,0,0,1
81,1,0,2,0,3,1,0,2,1,2,0,1
82,0,1,1,0,0,1,0,2,1,0,0,1
83,0,1,1,0,2,0,0,2,1,1,0,1
84,0,0,1,0,0,0,0,1,2,1,1,1
85,0,1,0,0,0,1,0,1,2,0,1,1
86,1,1,1,0,0,1,1,2,0,3,0,1
87,1,1,1,0,0,0,0,1,2,0,0,1
88,1,0,1,0,0,1,1,2,1,2,0,1
89,0,1,0,0,0,0,0,2,2,0,0,1
90,1,1,1,0,0,2,1,1,1,0,0,1
91,1,1,1,0,0,1,1,2,0,3,0,1
92,1,1,1,0,0,1,1,2,0,3,0,1
93,1,1,1,0,0,0,0,1,2,0,0,1
94,0,2,0,0,0,2,1,1,3,0,1,0
95,0,1,0,0,0,0,1,0,3,0,2,1
96,0,1,0,0,0,0,0,1,2,0,1,1
97,0,1,1,0,0,0,0,1,1,0,0,1
98,1,2,0,0,0,0,0,1,2,0,0,1
99,1,1,0,0,0,0,0,2,1,0,0,1
100,1,1,1,0,0,0,0,2,2,0,1,1
101,1,1,1,0,0,0,0,1,1,0,1,1
102,1,1,0,0,0,0,0,2,1,0,0,1
103,1,1,0,0,0,0,0,1,1,0,0,1
104,0,1,0,0,0,0,0,1,1,0,0,1
105,1,1,0,0,0,0,0,1,1,0,0,1
106,1,0,2,0,3,0,0,2,1,2,0,1
107,0,1,1,0,0,0,0,2,2,1,0,1
108,1,0,2,0,0,0,1,2,1,1,0,1
109,1,1,2,0,0,2,2,2,1,0,0,1
110,1,1,0,0,0,0,0,1,1,1,0,1
111,1,1,0,0,0,0,1,1,1,0,0,1
112,1,1,0,0,0,0,1,1,1,0,0,1
113,1,0,1,0,0,1,0,2,1,0,0,1
114,1,1,0,0,0,0,0,1,1,1,0,1
115,1,0,1,0,0,0,0,1,1,0,1,1
116,1,1,1,0,0,0,0,2,2,0,0,1
117,1,1,0,0,0,0,0,2,1,0,0,1
118,1,1,0,0,0,0,0,1,1,0,1,1
119,0,1,0,0,0,1,1,1,1,0,0,1
120,0,2,0,0,1,0,1,1,1,0,0,1
121,1,1,0,0,0,0,0,1,1,0,1,1
122,0,1,0,0,0,0,0,2,2,0,0,1
123,1,1,0,0,0,0,0,2,2,0,0,1
124,1,1,0,0,0,1,1,1,2,0,0,1
125,1,1,0,0,0,1,1,2,1,0,0,1
126,1,3,0,0,0,0,0,1,2,0,1,1
127,1,3,0,0,0,0,0,1,2,0,1,1
128,1,1,0,0,0,0,0,1,2,1,1,2
129,0,0,0,0,0,0,0,1,2,0,0,1
130,1,1,2,0,0,1,1,1,1,0,0,1
131,0,1,0,0,0,0,1,1,2,0,2,1
132,0,1,0,0,0,0,1,1,2,0,2,1
133,0,1,0,0,0,0,0,1,2,0,0,1
134,1,2,0,0,0,0,0,1,1,0,0,1
135,1,1,0,0,0,0,0,1,1,1,0,1
136,1,1,0,0,0,0,0,1,1,1,0,1
137,0,0,1,0,0,0,0,2,2,0,0,1
138,1,1,0,0,0,0,1,1,1,0,0,1
139,1,1,0,0,0,0,1,1,1,0,0,1
140,1,1,0,0,0,0,0,1,1,1,0,1
141,1,1,0,0,0,0,0,1,1,1,0,1
142,0,0,0,0,0,1,0,0,2,1,3,1
143,0,0,0,0,0,0,0,1,1,0,0,1
144,0,0,0,0,0,1,0,0,2,1,3,1
145,1,1,2,0,0,1,1,1,1,0,0,1
146,0,1,0,0,0,1,1,1,2,0,0,1
147,1,1,1,0,1,0,1,1,1,1,0,1
148,0,1,0,0,0,0,0,1,2,0,1,1
149,1,0,1,0,0,0,0,2,2,0,1,1
150,0,0,1,0,0,0,0,1,1,0,1,1
151,1,1,3,0,3,1,0,2,0,3,0,0
152,1,1,0,0,0,1,1,1,1,0,1,1
153,1,1,0,0,0,1,1,1,1,0,1,1
154,0,0,1,1,0,1,1,2,2,0,1,1
155,0,0,1,1,0,1,1,2,2,0,1,1
156,0,0,1,1,0,1,1,2,2,0,1,1
157,0,0,1,1,0,1,1,2,2,0,1,1
158,0,1,0,0,0,0,0,2,2,0,0,1
159,0,1,0,0,0,0,1,1,2,0,0,1
160,1,2,0,0,0,0,0,1,1,0,0,1
161,1,1,0,0,0,0,0,1,1,1,0,0
162,1,1,0,0,0,0,0,1,1,0,0,1
163,0,1,1,1,0,1,1,2,1,0,0,1
164,0,1,1,1,0,1,1,2,1,0,0,1
165,1,1,1,0,0,0,1,1,1,0,0,1
166,0,1,0,0,0,0,1,1,1,0,1,1
167,0,1,0,0,0,0,0,1,1,0,0,0
168,0,1,0,0,0,0,0,1,2,0,1,1
169,1,1,0,0,2,0,0,1,0,3,0,1
170,1,2,0,0,0,0,0,2,1,0,0,0
171,1,0,0,0,0,0,0,2,1,0,0,1
172,1,0,0,0,0,0,0,2,1,0,0,1
173,0,1,0,0,0,1,0,1,2,0,1,1
174,0,0,0,0,0,0,0,1,1,0,0,1
175,0,1,0,0,0,1,0,1,1,1,0,1
176,0,0,0,0,0,0,0,1,1,0,0,1
177,1,1,1,0,0,0,0,2,2,0,1,1
178,0,1,0,0,0,0,0,2,2,0,0,1
179,1,1,0,0,0,0,0,2,1,0,0,1
180,1,1,0,0,0,0,0,2,1,0,0,1
181,1,1,1,0,1,1,1,2,1,1,0,1
182,0,1,0,0,0,0,0,2,2,0,0,1
183,0,1,0,0,0,0,0,2,2,0,0,1
184,0,1,0,0,0,0,0,2,2,0,0,1
185,1,0,2,0,0,1,1,2,1,0,0,1
186,0,0,1,0,0,0,0,2,1,0,0,1
187,1,1,0,0,0,0,0,2,2,0,0,1
188,1,1,1,0,0,0,1,1,1,0,0,1
189,1,1,1,0,0,0,1,1,1,0,0,1
190,1,1,1,0,0,1,1,2,1,0,0,1
191,0,0,1,0,0,1,0,2,2,0,0,1
192,0,1,0,0,0,0,1,2,1,0,0,1
193,1,1,0,0,0,0,0,1,1,0,0,1
194,1,1,0,0,0,0,0,1,1,0,0,1
195,1,1,1,0,0,1,1,1,1,0,0,1
196,0,1,1,0,0,0,0,1,2,0,1,1
197,2,0,2,0,0,0,0,2,1,1,1,1
198,0,1,0,0,0,0,1,0,2,1,2,2
199,0,2,0,0,0,0,0,1,2,0,1,0
200,1,0,1,0,0,0,0,2,1,1,1,2
201,1,0,1,0,0,2,1,2,0,1,0,1
202,0,1,0,0,0,0,0,1,1,1,0,1
203,0,0,1,0,0,0,0,1,1,0,0,1
204,0,0,1,0,0,0,0,1,1,0,0,1
205,2,0,2,0,0,0,0,2,1,1,1,2
206,2,0,2,0,0,0,0,2,1,1,1,2
207,1,1,1,0,0,1,1,1,1,0,0,1
208,1,0,1,0,0,0,1,1,1,0,0,1
209,2,0,2,0,0,0,0,2,1,1,1,2
210,1,1,2,0,0,0,0,1,1,1,2,1
211,1,1,0,0,0,0,0,1,1,0,0,1
212,2,0,2,0,0,0,0,2,1,0,1,1
213,1,1,1,0,0,1,0,1,1,0,1,1
214,1,1,0,0,0,0,0,2,1,0,0,1
215,0,1,1,1,0,1,1,2,1,1,1,1
216,1,1,0,0,0,0,0,1,1,0,1,1
217,1,1,0,0,0,0,0,1,1,0,0,1
218,1,1,0,0,0,0,0,1,2,0,0,1
219,1,1,1,0,0,1,1,1,1,0,0,1
220,1,0,1,0,0,1,0,1,1,0,0,1
221,0,1,1,0,0,0,0,1,1,0,0,1
222,0,1,0,0,0,0,0,1,2,0,0,1
223,1,1,1,0,0,0,0,2,1,0,0,1
224,1,1,1,0,0,0,0,2,1,0,1,0
225,1,0,1,0,0,1,0,1,1,0,1,1
226,1,1,2,0,2,1,1,1,0,3,0,1
227,1,1,0,0,0,0,0,2,2,0,0,1
228,1,0,1,0,0,1,0,1,1,0,1,1
229,0,1,1,0,0,0,0,1,2,0,1,1
230,0,0,0,0,0,1,1,0,2,0,2,2
231,1,0,0,0,0,0,0,1,1,0,0,1
232,1,0,0,0,0,0,0,2,1,0,0,1
233,0,1,1,0,0,0,0,1,2,0,1,1
234,1,2,0,0,0,0,0,1,1,0,0,1
235,0,1,0,0,0,0,0,1,1,0,0,1
236,0,1,0,0,0,0,0,1,1,0,0,1
237,0,1,0,0,0,0,0,1,1,0,0,1
238,0,1,0,0,0,0,0,1,1,0,0,1
239,1,2,0,0,0,0,0,1,1,0,0,1
240,1,1,1,0,1,0,0,2,0,1,0,1
241,2,0,2,0,0,0,0,2,1,0,1,1
242,1,1,0,0,0,1,1,1,1,0,0,1
243,3,0,1,0,0,0,0,2,1,1,0,2
244,3,0,1,0,0,0,0,2,1,1,0,2
245,0,1,0,0,0,0,0,2,2,1,0,1
246,0,1,0,0,0,0,0,1,2,0,0,1
247,1,1,0,0,0,0,0,1,1,0,0,1
248,1,1,0,0,0,0,0,1,1,0,0,1
249,0,1,0,0,0,0,0,2,2,1,0,1
250,2,0,1,0,0,0,0,2,1,1,0,1
251,0,1,0,0,0,0,0,2,2,0,0,1
252,2,0,1,0,0,0,0,2,1,0,1,1
253,1,1,1,0,0,0,1,1,1,0,0,1
254,0,1,0,0,0,0,0,2,2,0,0,1
255,1,1,0,0,0,0,1,1,1,0,0,1
256,1,0,1,0,0,0,0,2,1,0,0,1
257,0,1,0,0,0,0,0,1,2,0,0,1
258,1,0,3,0,3,0,0,1,1,2,0,1
259,1,0,1,0,0,0,0,2,1,1,1,2
260,1,0,0,0,0,0,0,1,1,0,0,1
261,0,2,0,0,0,0,0,1,1,0,0,0
262,1,1,0,0,0,0,0,1,1,0,0,1
263,1,0,0,0,0,1,0,1,1,0,0,1
264,2,1,1,0,0,0,0,2,1,1,1,1
265,2,0,2,0,0,0,0,1,1,0,1,2
266,1,2,0,0,0,1,0,2,2,0,0,0
267,1,0,1,0,0,0,0,2,1,1,2,2
268,0,1,0,0,0,0,0,2,2,1,0,1
269,2,0,2,0,0,0,0,2,1,1,1,1
270,1,1,0,0,0,1,0,1,1,0,1,1
271,2,0,2,0,0,0,0,2,1,1,1,1
272,2,0,2,0,0,0,0,2,1,1,1,1
273,1,1,0,0,0,0,0,2,1,0,0,1
274,1,1,0,1,0,1,1,2,2,1,0,1
275,1,1,0,0,0,1,0,1,1,0,1,1
276,0,1,0,0,0,0,0,2,2,1,0,1
277,2,0,2,0,0,0,0,2,1,1,1,1
278,2,0,1,1,0,0,0,2,1,1,2,2
279,1,0,1,1,0,0,0,2,2,1,1,2
280,2,0,1,0,0,0,0,2,1,1,0,1
281,1,0,2,0,2,0,0,2,1,1,0,2
282,1,1,0,0,0,0,0,2,1,0,0,1
283,1,0,1,1,0,0,0,2,2,1,1,2
284,1,1,0,0,0,1,0,2,1,0,0,1
285,1,1,0,0,0,1,0,2,1,0,0,1
286,2,0,2,0,0,1,0,2,1,1,1,1
287,1,0,0,0,0,1,0,1,1,0,1,1
288,1,1,0,0,0,1,0,2,1,1,1,2
289,2,0,2,0,0,1,1,3,1,1,0,1
290,1,1,0,0,0,1,0,2,1,1,1,2
291,2,0,1,0,2,0,0,2,1,0,1,1
292,2,1,0,0,0,0,0,2,1,0,1,1
293,0,0,1,0,0,0,0,1,2,0,1,1
294,3,0,2,0,0,0,0,3,0,1,0,1
295,2,1,1,0,0,0,0,2,0,0,0,1
296,2,1,1,0,0,1,0,2,1,0,0,1
297,0,1,0,0,0,0,0,2,2,0,0,1
298,0,1,0,0,0,0,0,2,2,1,0,1
299,0,1,0,0,0,0,0,2,2,0,0,1
300,1,1,0,0,0,1,0,1,2,0,1,1
301,2,0,1,0,0,0,0,2,1,0,1,1
302,1,1,0,0,0,0,0,2,2,0,0,1
303,0,1,0,0,1,0,0,1,2,0,0,1
304,1,1,2,0,0,0,1,2,1,0,0,1
305,2,1,1,0,0,0,0,2,1,0,0,1
306,1,1,1,0,0,0,0,1,1,0,0,1
307,2,0,1,0,1,0,0,2,1,0,0,1
308,2,0,1,0,1,0,0,2,1,0,0,1
309,0,0,1,0,0,0,0,1,2,0,0,1
310,2,1,1,0,0,0,0,2,1,0,0,1
311,1,1,0,0,0,0,1,1,1,0,0,1
312,1,0,1,0,0,1,1,2,1,0,0,1
313,1,0,1,0,0,1,1,2,1,0,0,1
314,0,0,1,0,0,1,0,1,2,0,1,1
315,0,0,1,0,0,1,0,1,2,0,1,1
316,1,1,0,0,0,2,1,2,1,0,1,1
317,1,1,0,0,0,1,0,2,1,0,1,1
318,1,1,1,0,0,1,0,2,1,0,1,2
319,1,1,0,0,0,1,0,2,1,0,1,1
320,1,1,1,0,0,1,0,2,1,0,1,2
321,1,1,1,0,0,1,1,2,1,0,0,1
322,1,1,0,0,0,0,0,2,1,0,0,1
323,2,1,1,0,0,1,0,2,1,0,0,1
324,1,1,0,2,0,0,0,3,1,0,0,1
325,1,1,0,2,0,0,0,3,1,0,0,1
326,2,1,2,0,0,0,0,2,0,0,1,2
327,2,0,2,0,0,0,0,2,1,1,1,1
328,3,0,2,0,0,0,0,2,1,0,0,1
329,2,0,1,0,0,0,0,2,1,0,0,1
330,1,0,2,0,0,0,0,2,1,0,2,1
331,1,0,2,0,0,0,0,2,1,0,2,1
332,1,1,1,0,0,1,1,2,1,0,0,1
333,1,1,0,0,0,0,0,1,1,0,1,1
334,1,1,0,0,0,0,0,1,1,0,2,2
335,2,1,2,0,0,0,0,2,1,1,2,2
336,1,0,1,0,0,0,0,1,1,0,2,1
337,1,0,1,0,0,1,0,2,1,0,1,1
338,2,1,2,0,0,1,1,3,1,1,1,1
339,2,0,2,0,0,0,0,2,1,2,0,2
340,2,0,2,0,0,0,0,2,1,2,0,1
341,2,0,1,0,0,0,0,2,1,1,1,1
342,2,0,1,0,0,0,0,2,1,1,0,1
343,2,0,1,0,0,0,0,2,1,1,0,1
344,2,1,2,0,0,0,0,3,1,1,1,1
345,0,1,0,0,0,2,0,2,2,1,0,1
346,0,1,0,0,0,0,0,1,2,1,2,2
347,3,1,2,0,0,0,0,2,0,1,2,1
348,1,1,1,0,0,0,0,2,1,1,0,1
349,1,1,0,0,0,0,0,2,1,1,0,1
350,2,1,0,0,0,0,0,3,1,1,0,1
351,1,1,0,0,0,0,0,2,1,1,0,1
352,1,1,0,0,0,0,0,2,1,0,0,1
353,3,1,3,1,0,1,1,3,1,1,2,1
354,0,0,1,0,0,2,2,0,1,0,2,1
355,0,1,0,0,0,0,0,1,2,0,2,1
356,2,0,2,0,0,1,0,2,1,1,1,1
357,2,0,2,0,0,0,0,2,1,1,2,2
358,2,0,2,0,0,0,0,2,1,1,1,2
359,2,0,2,0,0,0,0,3,1,0,0,1
360,1,1,0,0,0,0,1,2,1,0,0,1
361,1,0,1,0,0,1,0,2,1,1,0,1
362,2,1,2,0,0,0,0,2,0,0,0,1
363,2,0,2,0,0,0,0,2,0,1,1,1
364,2,1,2,1,0,0,0,3,1,0,0,2
365,1,0,2,0,0,0,0,2,1,1,2,1
366,2,1,2,1,0,0,0,3,1,0,0,2
367,2,1,2,0,0,0,0,2,1,0,0,1
368,2,0,2,0,0,0,0,2,1,0,0,1
369,1,0,2,0,0,0,0,1,1,1,2,2
370,0,1,0,0,0,1,0,2,2,1,0,1
371,1,0,1,0,0,0,0,1,1,1,0,1
372,1,0,1,0,0,1,0,1,1,1,1,1
373,0,1,0,0,0,0,0,1,0,0,0,1
374,3,0,2,0,0,0,0,3,0,1,1,1
375,2,1,2,0,0,0,0,2,0,1,2,2
376,2,0,2,0,0,1,0,3,1,1,1,1
377,1,0,2,0,0,0,0,1,1,1,2,2
378,2,1,2,1,0,0,0,2,1,1,3,1
379,1,0,1,0,0,1,0,2,1,0,1,1
380,1,0,1,0,0,0,0,2,1,1,0,1
381,3,0,2,0,0,0,0,3,1,1,0,1
382,1,0,1,0,0,0,0,2,1,1,0,1
383,1,0,1,0,0,0,0,2,1,1,0,1
384,1,1,1,0,0,1,0,2,2,0,0,1
385,0,1,0,0,0,0,0,2,2,1,0,1
386,1,1,1,0,0,1,0,2,2,0,0,1
387,1,1,0,0,0,0,0,2,1,0,0,1
388,1,0,1,0,0,1,0,2,2,0,0,1
389,1,0,1,0,0,0,0,2,1,0,0,2
390,0,1,0,0,0,0,1,0,2,1,2,2
391,3,0,2,0,0,0,0,3,1,1,0,1
392,1,0,2,0,0,0,0,2,1,0,0,1
393,1,1,2,0,0,0,1,2,1,0,0,1
394,2,1,2,0,0,0,0,2,0,0,0,1
395,2,0,3,0,0,0,0,3,1,0,2,2
396,0,1,0,1,0,3,1,2,2,0,0,1
397,2,1,2,0,0,0,0,2,1,0,1,1
398,2,1,2,0,0,0,0,2,1,0,1,1
399,1,1,0,0,0,0,0,1,1,0,0,1
400,0,1,0,1,0,3,1,2,2,0,0,1
401,1,0,1,0,0,1,0,1,1,0,1,1
402,2,0,2,0,0,1,0,2,1,0,1,1
403,2,1,1,0,0,0,0,2,1,0,1,1
404,1,1,0,0,0,0,0,2,1,0,0,1
405,1,0,1,0,0,0,0,1,1,1,1,1
406,1,0,1,0,0,0,0,2,1,0,1,1
407,2,0,2,0,0,0,0,2,1,0,1,2
408,2,0,2,0,1,0,0,2,1,0,1,1
409,2,0,1,0,0,1,0,2,0,0,0,0
410,1,0,1,0,0,1,1,2,2,0,0,1
411,1,0,1,0,0,1,1,2,2,0,0,1
412,0,1,0,0,0,0,1,1,1,0,0,1
413,1,0,2,1,0,0,0,2,1,1,2,2
414,1,1,1,0,0,1,1,2,1,0,0,1
415,1,1,0,1,0,1,1,3,1,1,0,1
416,2,0,2,0,0,0,0,2,1,0,2,1
417,0,1,0,0,0,1,1,1,2,0,1,1
418,2,0,2,0,0,0,0,2,1,1,1,1
419,0,1,0,0,0,1,0,2,2,0,0,1
420,1,1,1,0,0,1,0,2,1,0,2,2
421,0,1,0,0,0,1,0,1,2,0,2,2
422,1,2,0,0,0,0,0,1,1,0,1,1
423,2,0,1,0,0,0,0,2,1,1,1,2
424,1,2,0,0,0,0,0,1,1,0,1,1
425,0,1,0,0,0,1,0,1,2,0,2,2
426,0,1,0,0,0,1,0,1,2,0,1,1
427,1,1,0,0,0,0,0,2,1,0,1,1
428,1,1,1,0,0,0,0,2,1,0,0,1
429,2,1,2,0,0,0,0,2,1,0,1,1
430,2,0,1,0,0,0,0,2,1,1,1,2
431,1,1,1,0,0,1,0,2,1,0,0,1
432,2,0,2,0,0,0,0,1,0,0,2,1
433,2,0,2,0,0,0,0,3,1,0,0,1
434,2,0,2,0,0,1,0,2,1,1,0,1
435,2,0,2,0,0,0,0,3,1,0,0,1
436,1,1,1,0,0,2,0,1,1,0,1,1
437,2,0,2,0,0,0,0,2,1,0,1,1
438,2,0,2,0,0,1,0,2,1,1,0,1
439,0,1,0,0,0,0,0,1,1,0,0,1
440,2,0,2,0,0,0,0,2,0,1,0,2
441,2,0,2,0,0,0,0,2,1,0,1,1
442,3,1,3,0,0,0,0,3,0,0,1,2
443,1,0,1,0,0,0,0,1,1,0,1,2
444,0,1,0,0,0,0,0,0,2,1,2,2
445,1,1,0,0,0,0,0,2,1,0,1,1
446,2,0,2,0,0,1,0,2,1,0,1,1
447,1,0,1,0,0,0,0,1,1,0,1,1
448,1,1,0,0,0,0,0,1,1,0,1,1
449,2,0,2,0,0,0,0,2,1,0,1,1
450,2,0,2,0,0,0,0,2,1,0,1,1
451,1,0,2,0,2,0,0,2,1,1,0,1
452,0,1,0,0,0,0,0,1,2,0,0,1
453,2,0,2,0,0,0,0,2,1,0,1,2
454,0,0,1,0,0,1,0,1,2,0,1,1
455,2,1,2,1,0,0,0,2,1,0,3,2
456,1,1,1,0,0,0,0,2,1,0,1,1
457,1,1,0,0,0,1,0,2,1,0,0,1
458,2,0,2,0,0,0,0,2,1,0,1,2
459,2,1,2,0,0,0,0,3,1,0,0,0
460,1,0,2,0,0,0,0,2,1,0,1,1
461,1,1,0,0,0,0,0,2,1,0,0,1
462,2,0,2,0,0,0,0,2,1,0,2,1
463,1,1,2,0,0,1,1,2,1,0,0,1
464,2,0,2,0,0,0,0,2,0,0,0,1
465,1,0,1,0,0,0,0,3,2,1,0,1
466,2,1,1,0,0,1,0,2,1,0,1,1
467,1,0,1,0,0,0,0,1,1,1,3,1
468,2,0,2,0,0,0,0,2,1,0,0,1
469,1,1,0,0,0,1,0,1,1,0,0,1
470,2,0,2,0,0,0,0,2,0,0,1,1
471,1,1,1,0,0,1,0,2,1,0,1,1
472,2,0,2,0,0,1,0,2,1,1,1,1
473,1,0,2,0,0,0,0,2,1,1,1,1
474,2,0,2,0,0,0,0,2,1,1,0,1
475,1,1,0,0,0,0,0,2,1,0,1,1
476,1,0,1,0,0,0,0,2,1,0,0,1
477,2,0,1,0,0,0,0,2,1,1,1,1
478,1,1,0,0,0,0,0,2,1,0,1,1
479,1,1,0,0,0,0,0,2,1,0,1,1
480,2,0,1,3,0,0,0,3,1,0,0,1
481,1,0,2,0,0,0,0,1,1,1,2,2
482,2,0,2,0,0,0,0,2,0,1,0,1
483,2,0,2,0,0,0,0,2,0,1,0,1
484,2,0,2,0,0,0,0,2,1,0,3,1
485,1,1,1,0,0,0,0,2,1,0,0,1
486,1,1,1,0,0,0,0,2,1,0,0,1
487,1,1,1,0,0,0,0,2,1,0,0,1
488,2,0,2,0,0,1,0,2,1,1,1,2
489,1,0,1,0,0,0,0,2,1,1,1,1
490,1,1,1,0,0,1,0,2,1,0,1,1
491,1,0,2,0,0,0,0,1,1,1,3,2
492,1,0,2,0,0,0,0,1,1,1,3,2
493,1,1,1,0,0,1,1,2,2,0,1,1
494,0,0,0,2,0,1,1,1,2,0,2,1
495,2,0,2,0,0,0,0,2,1,0,1,2
496,1,1,1,0,0,0,0,2,2,0,0,1
497,0,0,1,0,0,2,1,1,1,1,1,1
498,2,0,2,0,0,0,0,2,1,0,1,2
499,1,1,1,0,0,1,1,2,2,0,1,1
500,1,1,1,0,0,0,0,2,2,0,0,1
501,2,0,2,1,0,2,0,2,1,1,2,2
502,2,0,2,1,0,2,0,2,1,1,2,2
503,2,0,1,0,0,0,0,2,1,1,1,2
504,2,0,1,0,0,0,0,2,1,1,1,2
505,1,1,2,0,0,0,0,1,1,1,2,2
506,2,0,1,0,0,0,0,2,1,1,1,2
507,2,1,2,0,0,0,0,2,1,0,0,1
508,1,1,1,0,0,1,0,2,1,0,1,1
509,3,0,3,0,0,1,0,2,0,0,1,2
510,2,0,1,1,0,1,0,2,0,0,0,1
511,1,1,1,0,0,1,0,2,1,0,1,1
512,2,0,1,0,0,0,0,2,0,1,0,1
513,2,1,2,0,0,0,0,2,1,0,2,2
514,2,1,2,0,0,0,0,2,1,0,2,2
515,1,1,1,1,0,1,2,3,1,1,0,1
516,2,1,1,0,0,0,0,3,1,0,2,1
517,2,1,1,0,1,0,0,2,1,0,0,0
518,2,0,1,0,0,0,0,2,1,0,2,1
519,0,0,1,0,0,2,1,1,1,1,1,1
520,1,0,1,0,0,0,0,2,2,1,0,1
521,1,0,1,0,0,0,0,2,2,0,0,1
522,1,0,1,0,0,2,1,2,2,1,0,1
523,1,0,1,0,0,2,1,2,1,0,0,1
524,1,0,1,0,0,1,1,2,1,0,0,1
525,2,1,0,0,0,1,0,2,1,0,0,1
526,0,0,1,0,0,2,1,1,1,1,1,1
527,0,0,1,0,0,1,1,1,2,1,1,1
528,1,0,1,0,0,1,0,2,1,1,0,1
529,1,1,0,0,0,0,0,2,1,0,0,1
530,1,0,0,0,0,0,0,2,2,1,1,1
531,2,0,1,0,0,0,0,3,1,0,1,1
532,2,0,1,0,0,0,0,3,1,0,1,1
533,2,0,0,0,0,0,0,1,1,0,2,1
534,1,0,0,0,0,0,0,2,1,0,0,1
535,1,0,0,0,0,0,0,2,2,1,1,1
536,1,1,0,0,0,0,0,2,1,0,0,1
537,1,1,0,0,0,0,0,2,1,1,1,1
538,2,0,1,1,0,0,0,3,1,0,2,2
539,2,1,2,1,0,0,0,2,1,0,1,1
540,1,1,0,0,0,1,0,2,1,0,0,1
541,1,0,1,1,0,0,0,2,1,0,1,1
542,1,1,0,0,0,0,0,1,1,0,0,1
543,2,1,0,0,0,0,0,2,1,0,1,1
544,3,0,2,0,0,0,0,3,0,1,0,1
545,1,0,1,0,0,2,1,2,1,0,0,1
546,1,1,0,0,0,0,0,2,2,1,0,1
547,2,0,1,0,0,0,0,2,1,1,1,1
548,2,0,1,0,0,1,0,2,1,1,1,1
549,1,1,1,0,1,0,0,2,1,0,0,1
550,0,1,0,0,0,0,0,1,1,0,0,1
551,1,0,0,0,0,0,0,2,1,0,0,1
552,1,0,0,0,0,0,0,2,1,0,0,1
553,0,2,0,0,0,1,1,0,3,0,1,1
554,3,1,1,0,0,0,0,3,0,0,1,1
555,3,1,1,0,0,0,0,3,0,0,1,1
556,2,1,1,1,0,0,0,2,1,0,2,1
557,3,1,1,0,0,0,0,3,0,0,1,1
558,2,1,1,1,0,0,0,2,1,0,2,1
559,2,0,1,0,0,0,0,3,1,0,2,1
560,2,1,1,0,0,0,0,2,1,0,1,1
561,1,0,1,0,0,1,1,2,1,0,0,1
562,1,1,1,0,0,2,1,2,1,0,0,1
563,1,0,1,0,0,1,0,2,1,0,1,1
564,2,0,1,0,0,0,0,3,1,0,2,1
565,2,1,1,0,0,0,0,2,1,0,1,1
566,1,1,0,0,1,0,0,2,1,0,0,1
567,1,1,0,0,1,0,0,2,1,0,0,1
568,1,1,1,0,1,0,0,2,1,1,1,1
569,0,0,0,0,0,1,0,1,2,0,2,1
570,2,0,1,0,0,0,0,3,1,1,1,1
571,0,0,0,0,0,1,0,1,2,0,2,1
572,1,0,1,0,0,0,0,2,1,0,1,1
573,2,1,1,0,0,0,0,2,1,0,0,0
574,2,0,1,0,0,1,1,2,1,0,0,1
575,2,0,1,0,0,1,0,2,1,1,1,1
576,1,1,0,0,0,0,0,2,1,0,0,0
577,1,0,1,0,0,0,1,2,1,0,0,1
578,1,0,1,0,0,0,1,2,1,0,0,1
579,2,0,1,0,0,0,0,2,1,0,0,1
580,2,1,1,0,0,0,0,2,1,0,0,1
581,2,1,1,0,0,0,0,2,1,0,0,1
582,2,1,1,0,0,0,0,2,1,0,0,1
583,2,0,1,0,0,0,0,2,0,0,0,2
584,2,0,1,0,0,2,1,2,1,1,1,2
585,1,1,0,0,0,0,0,2,2,0,0,1
586,2,0,1,0,0,0,0,2,1,1,1,2
587,0,1,0,0,0,0,1,1,1,0,0,1
588,0,0,0,0,0,1,0,0,3,0,3,2
589,1,0,1,0,0,0,0,2,0,0,1,2
590,1,0,1,0,0,1,0,2,1,0,0,1
591,0,0,1,0,0,1,2,0,1,0,1,1
592,1,0,1,0,0,1,0,2,1,0,0,1
593,1,1,2,0,0,0,0,3,1,0,0,1
594,1,1,0,0,0,1,0,2,2,0,0,1
595,1,1,1,1,0,1,1,2,1,0,0,1
596,2,0,2,0,0,0,0,2,0,0,0,1
597,2,1,2,0,0,0,0,2,1,0,0,1
598,1,1,0,0,0,0,0,1,1,0,0,1
599,2,1,1,0,0,0,0,2,0,0,0,1
600,1,2,1,0,0,0,0,1,1,0,0,0
601,3,0,2,0,0,0,0,3,1,0,0,1
602,1,1,0,0,0,0,0,2,1,0,0,1
603,3,0,2,0,0,0,0,3,1,0,0,1
604,1,1,0,0,0,0,0,2,1,0,0,1
605,1,1,0,0,0,0,0,2,1,0,0,1
606,1,0,1,1,0,0,0,2,1,1,2,2
607,1,0,1,0,0,1,0,2,1,0,1,1
608,1,1,1,1,0,0,0,3,1,0,1,1
609,0,0,0,0,0,0,0,1,2,0,2,1
610,1,0,2,0,0,1,0,2,2,0,0,1
611,3,0,2,0,0,0,0,3,0,0,0,1
612,1,1,0,0,0,0,0,1,1,0,0,1
613,1,0,1,0,0,0,0,1,1,0,0,1
614,1,1,0,0,0,0,1,2,0,2,1,1
615,1,1,2,0,0,1,0,2,2,0,0,1
616,1,1,2,0,0,1,0,2,2,0,0,1
617,2,0,2,0,0,0,0,2,0,1,0,1
618,2,0,2,0,0,0,0,3,1,0,1,1
619,2,0,1,0,0,0,0,2,1,1,0,1
620,1,1,0,0,0,0,1,2,1,0,0,1
621,1,1,0,0,0,0,1,2,1,0,0,1
622,1,1,0,0,0,0,0,2,1,0,0,1
623,1,1,1,0,0,1,0,2,2,1,2,1
624,0,1,0,1,0,1,0,2,2,0,1,1
625,0,1,0,1,0,1,0,2,2,0,1,1
626,1,1,1,0,0,0,0,2,1,0,0,1
627,1,1,1,0,0,0,0,2,1,0,0,1
628,1,1,1,0,0,0,0,2,1,0,0,1
629,1,1,0,0,0,1,1,1,1,0,0,1
630,1,1,1,0,0,0,0,2,1,0,0,1
631,2,0,2,0,0,0,0,2,1,0,0,1
632,1,0,0,0,0,1,0,1,1,0,1,1
633,1,2,0,0,0,0,1,3,2,0,1,0
634,1,0,0,0,0,2,1,1,1,0,0,1
635,1,1,0,0,0,1,0,1,1,0,0,1
636,1,2,1,0,0,1,1,2,1,0,0,1
637,1,2,1,0,0,1,1,2,1,0,0,1
638,1,2,0,0,0,0,0,1,1,0,1,2
639,1,0,1,0,0,1,0,2,1,2,1,1
640,1,1,1,0,0,0,0,2,2,0,0,1
641,1,1,1,0,0,1,0,2,2,0,0,1
642,1,1,1,0,0,0,0,2,2,0,0,1
643,1,1,1,0,0,1,0,2,2,0,0,1
644,1,1,1,0,0,0,0,2,2,0,0,1
645,1,1,0,1,0,0,0,2,1,0,1,2
646,0,1,0,0,0,0,0,2,2,0,1,1
647,1,1,0,0,0,0,0,1,1,0,1,0
648,1,0,1,0,0,0,0,1,1,0,1,2
649,0,0,1,2,0,1,2,1,1,0,1,1
650,2,0,1,0,0,0,0,2,0,0,0,1
651,1,2,1,0,0,1,2,3,2,0,1,1
652,3,0,2,1,0,1,0,2,0,1,3,1
653,1,0,2,0,0,0,0,2,1,0,2,1
654,1,0,1,0,0,0,0,2,1,0,0,1
655,1,1,0,0,0,1,0,3,1,0,0,1
656,2,0,1,0,0,0,0,2,0,0,0,1
657,2,1,2,0,0,1,0,2,0,0,1,2
658,0,1,0,0,0,0,0,2,1,1,0,1
659,0,1,0,0,0,0,0,2,2,0,1,0
660,0,1,0,0,0,0,0,2,1,1,0,1
661,1,0,1,0,0,0,0,2,1,0,0,1
662,0,1,0,0,0,0,0,2,1,0,0,1
663,1,0,1,0,0,0,0,2,0,1,1,1
664,2,0,2,0,0,0,0,2,0,0,1,1
665,1,1,0,0,0,1,0,2,1,0,0,1
666,1,1,1,0,1,0,0,2,1,0,0,1
667,2,0,1,0,0,0,0,2,0,0,0,1
668,1,1,1,0,0,0,0,1,1,0,1,1
669,2,0,1,0,0,0,0,2,0,0,0,1
670,0,0,0,0,0,1,0,1,1,0,0,1
671,1,1,0,0,0,0,0,1,1,0,0,1
672,1,3,1,0,0,1,2,2,1,0,0,1
673,1,1,0,0,0,0,0,1,1,0,0,1
674,2,0,1,0,0,0,0,2,1,0,0,1
675,1,0,1,0,0,0,0,2,1,0,1,1
676,2,0,1,0,0,0,0,2,1,0,0,1
677,1,1,0,0,0,0,0,2,2,0,0,1
678,1,1,0,0,0,2,1,2,2,0,0,1
679,2,0,1,0,0,1,0,2,1,0,0,1
680,3,0,2,0,0,0,0,3,1,0,0,1
681,1,0,0,0,0,0,0,1,1,0,1,1
682,1,0,1,0,0,1,0,2,1,0,0,1
683,1,1,0,0,0,0,0,2,1,0,1,1
684,1,2,1,0,0,1,2,2,1,0,0,1
685,1,1,0,0,0,0,0,2,1,0,1,1
686,0,1,0,0,0,0,0,2,2,0,0,1
687,1,1,0,0,0,0,0,2,1,0,0,1
688,1,1,0,0,0,0,0,1,2,0,0,1
689,1,0,1,0,0,0,0,2,1,1,0,1
690,0,2,0,0,0,0,0,1,2,0,1,0
691,1,2,0,0,0,0,1,2,2,0,0,1
692,1,1,2,0,2,0,0,2,0,2,0,1
693,1,0,1,0,0,1,1,2,1,0,0,1
694,1,0,1,0,0,1,1,2,1,0,0,1
695,0,0,0,0,0,0,0,0,3,0,2,1
696,0,1,0,0,0,0,0,2,2,0,0,1
697,0,1,0,0,0,0,0,2,2,0,0,1
698,1,1,1,0,0,0,0,2,1,0,0,1
699,2,0,2,0,0,0,0,2,1,0,1,1
700,2,2,1,0,0,1,1,2,1,0,1,1
701,0,1,0,0,0,0,0,2,2,0,0,1
702,0,1,0,0,0,0,0,2,2,0,0,1
703,1,0,1,0,0,1,1,2,1,0,0,0
704,1,1,0,0,0,0,0,2,1,0,0,0
705,1,2,0,1,0,0,0,2,1,0,0,1
706,0,1,0,0,0,0,0,1,2,0,0,1
707,0,1,0,0,0,0,0,1,1,0,1,1
708,1,1,0,0,0,0,0,1,1,0,1,1
709,1,0,1,0,0,0,0,2,1,0,0,1
710,2,2,1,0,0,1,1,2,1,0,1,1
711,1,1,1,0,0,0,1,2,2,0,0,1
712,1,1,0,0,0,0,0,2,1,0,0,1
713,1,0,1,0,0,0,0,2,1,0,0,1
714,1,1,1,0,0,1,1,2,1,0,0,1
715,0,1,0,0,0,0,0,1,1,0,0,1
716,1,0,1,0,0,0,0,2,1,0,0,1
717,1,0,0,0,0,0,0,1,1,0,0,1
718,1,1,0,0,0,0,0,2,1,0,0,1
719,0,1,0,0,0,0,0,2,2,0,0,1
720,1,1,0,0,0,0,0,2,1,0,0,1
721,1,0,0,0,0,1,1,2,1,0,0,1
722,1,0,0,0,0,0,0,1,1,0,0,1
723,0,0,1,0,0,1,1,1,0,3,0,1
724,1,2,0,0,0,0,0,1,2,0,1,0
725,1,1,0,0,0,0,0,2,1,0,1,1
726,1,1,0,0,0,0,0,2,2,0,1,1
727,0,1,0,0,0,0,0,2,2,0,0,1
728,0,1,0,0,0,0,0,2,2,0,0,1
729,0,2,0,0,0,1,0,1,2,0,2,1
730,1,1,2,0,2,0,0,2,1,0,0,1
731,1,2,0,0,0,0,0,2,2,0,1,1
732,0,1,0,0,0,0,0,1,2,0,0,1
733,0,0,1,0,0,0,0,2,2,0,0,1
734,1,1,0,0,0,0,0,2,2,0,0,1
735,1,2,0,0,0,0,0,1,1,0,0,1
736,1,2,0,0,0,0,0,1,1,0,0,1
737,1,1,0,0,0,1,0,2,2,0,0,1
738,1,0,0,0,0,1,1,2,1,0,0,1
739,1,1,0,0,0,1,0,2,1,0,0,1
740,1,1,1,0,0,0,0,1,2,0,1,1
741,1,1,0,0,0,1,1,2,1,0,0,1
742,0,1,0,0,0,0,0,2,2,0,0,1
743,2,0,2,0,0,1,1,2,1,0,0,1
744,2,0,2,0,0,1,1,2,1,0,0,1
745,0,1,0,0,0,0,0,2,2,0,0,1
746,1,0,1,0,0,0,0,2,1,0,0,1
747,1,0,1,0,0,0,0,2,1,0,0,1
748,0,1,0,0,0,0,0,2,2,0,0,1
749,0,1,0,0,0,0,0,2,2,0,0,1
750,1,1,0,0,0,0,0,2,1,0,0,1
751,1,1,0,0,0,0,0,2,1,0,0,1
752,1,1,0,0,0,1,0,2,2,0,0,1
753,1,1,0,0,0,0,0,2,1,0,0,1
754,1,0,2,0,2,0,0,1,1,1,0,1
755,1,2,0,0,0,1,0,1,2,0,1,1
756,0,2,0,0,0,0,0,1,2,0,1,1
757,1,2,0,0,0,0,0,1,1,0,0,1
758,1,2,0,0,0,0,0,1,1,0,0,1
759,1,0,0,0,0,1,1,2,1,0,0,1
760,1,1,1,0,0,0,1,2,1,0,0,1
761,1,1,1,0,0,0,0,2,1,0,0,1
762,1,1,0,0,0,0,0,2,1,0,0,1
763,1,1,1,0,0,0,0,2,1,0,0,1
764,1,1,0,0,0,0,0,2,1,0,0,1
765,1,1,0,0,0,0,0,2,1,0,0,1
766,1,1,0,0,0,0,0,2,1,0,0,1
767,1,1,1,0,0,0,1,2,2,0,0,1
768,0,1,0,0,0,1,1,2,2,0,0,1
769,1,1,0,0,0,0,0,1,2,0,0,1
770,0,1,0,0,0,1,1,2,2,0,0,1
771,1,1,1,0,0,1,1,2,1,0,0,1
772,1,1,1,0,0,1,1,2,1,0,0,1
773,1,0,1,0,0,0,0,2,1,1,0,1
774,1,0,1,0,0,0,0,2,1,1,0,1
775,0,2,0,0,0,0,0,1,2,0,0,1
776,0,1,0,0,1,0,0,1,2,0,1,1
777,0,1,0,0,1,0,0,1,2,0,1,1
778,1,0,1,0,0,0,0,2,1,0,1,1
779,0,1,0,0,0,1,1,2,2,0,0,1
780,0,1,0,0,1,0,0,1,1,0,0,1
781,0,0,0,0,0,0,0,2,2,0,0,1
782,1,1,0,0,0,1,1,2,1,0,0,1
783,0,0,0,0,0,0,0,2,2,0,0,1
784,0,1,0,0,0,1,1,2,2,0,0,1
785,1,0,1,0,0,0,0,2,1,0,0,1
786,1,0,1,0,0,0,0,2,1,0,0,1
787,1,1,0,0,0,1,0,2,1,0,1,1
788,1,1,0,0,0,1,0,2,1,0,1,1
789,1,1,0,0,0,1,1,2,1,0,0,1
790,0,0,1,0,0,0,1,2,1,0,0,1
791,1,1,0,0,0,1,1,2,1,0,0,1
792,0,1,0,0,0,0,1,2,2,0,0,1
793,1,1,0,0,0,0,0,1,2,0,1,1
794,1,0,2,0,0,0,0,1,1,0,2,1
795,2,2,1,0,0,0,0,2,0,2,1,1
796,1,0,1,0,0,1,0,2,1,0,0,1
797,1,0,1,0,0,1,0,1,1,1,1,2
798,1,1,1,0,0,0,0,2,1,0,1,1
799,1,1,1,0,0,0,0,2,1,0,1,1
800,0,1,0,0,0,1,1,1,1,0,0,1
801,1,1,0,0,0,0,0,2,1,0,0,1
802,0,1,0,0,0,0,1,0,2,1,2,2
803,1,1,0,0,0,0,0,2,1,0,0,1
804,1,1,0,0,0,0,0,1,1,0,0,1
805,1,0,1,0,0,0,0,1,1,0,2,2
806,1,0,1,0,0,0,0,1,1,0,2,2
807,1,0,1,0,0,0,0,1,1,0,2,2
808,0,1,0,0,1,0,0,2,1,1,0,1
809,1,0,1,0,0,0,0,2,1,0,1,1
810,0,1,0,0,0,0,0,1,1,0,1,1
811,2,1,2,0,0,0,0,2,1,0,1,1
812,2,0,1,0,0,1,0,2,1,0,1,1
813,0,0,0,0,0,0,0,1,2,0,1,0
814,2,0,2,0,0,1,0,2,1,1,1,1
815,2,0,1,0,0,1,0,2,1,0,1,1
816,1,1,0,0,0,0,0,2,1,0,1,1
817,2,0,1,0,0,1,0,1,1,0,2,1
818,0,1,0,0,0,1,0,1,1,0,0,1
819,1,1,0,0,0,0,0,2,1,0,0,1
820,0,1,0,0,0,0,0,1,1,0,0,1
821,0,0,0,0,0,0,0,0,3,0,3,2
822,0,1,0,0,0,0,0,2,2,0,0,1
823,0,1,0,0,0,0,0,2,2,0,0,1
824,0,0,1,0,0,0,0,1,1,0,1,1
825,0,0,0,0,0,0,0,1,1,0,1,1
826,1,0,1,0,0,0,0,1,2,0,1,2
827,0,0,0,0,0,0,0,1,1,0,1,1
828,1,1,0,0,0,1,0,1,2,0,2,2
829,0,1,0,0,0,0,0,1,2,1,1,1
830,1,1,0,0,0,0,0,1,2,0,1,0
831,0,1,0,0,0,0,0,1,2,1,1,1
832,2,0,1,0,0,1,0,2,2,1,0,0
833,2,0,1,0,0,1,0,2,2,1,0,0
834,1,1,1,0,0,0,0,2,1,0,0,1
835,1,1,0,0,0,1,0,1,2,0,0,1
836,0,0,1,0,0,1,1,0,1,0,2,2
837,0,0,1,0,0,1,1,0,1,0,2,2
838,1,0,1,0,0,0,0,1,1,1,1,2
839,0,1,0,0,0,0,0,1,2,0,0,1
840,2,0,1,0,0,0,0,2,1,1,2,2
841,0,1,0,0,0,1,0,1,2,0,1,1
842,2,1,1,0,0,1,0,2,1,0,1,1
843,0,1,1,0,0,0,1,1,1,0,0,1
844,1,0,1,0,0,1,0,1,1,1,1,1
845,0,1,0,0,0,0,0,2,2,0,0,1
846,0,1,0,0,0,0,0,2,2,0,0,1
847,0,1,0,0,0,0,0,2,2,0,0,1
848,0,1,0,0,0,0,0,2,2,0,0,1
849,0,1,0,0,0,0,0,2,2,0,0,1
850,1,0,1,0,0,0,0,2,1,0,0,1
851,1,0,1,0,0,0,0,2,1,0,0,1
852,1,0,1,0,0,1,1,2,1,1,0,1
853,1,0,1,0,0,2,0,1,2,0,1,1
854,1,0,1,0,0,2,0,1,2,0,1,1
855,1,1,0,0,0,0,0,1,2,0,2,2
856,1,0,1,0,0,2,0,1,2,0,1,1
857,1,0,1,0,0,0,0,1,2,1,1,2
858,2,0,1,0,0,0,0,1,1,0,1,2
859,0,1,0,0,0,0,0,1,2,1,1,1
860,0,1,0,0,0,0,1,2,2,0,0,1
861,0,2,2,0,0,0,1,1,2,0,1,1
862,1,0,1,0,0,0,0,1,1,0,1,1
863,0,1,0,0,0,0,1,2,2,0,0,1
864,0,1,0,0,0,0,1,2,2,0,0,1
865,0,1,0,0,0,0,1,2,2,0,0,1
866,0,1,0,0,0,0,0,1,2,1,1,1
867,0,1,0,0,0,0,0,1,2,1,1,1
868,0,1,0,0,0,0,0,1,2,1,1,1
869,1,1,0,0,0,1,0,1,2,0,1,1
870,1,1,0,0,0,1,0,1,2,0,2,1
871,0,1,0,0,0,1,0,1,2,0,1,1
872,0,0,0,0,0,1,0,1,2,0,0,0
873,1,0,1,0,0,0,0,1,1,0,1,2
874,2,0,1,0,0,0,0,1,1,0,2,2
875,1,0,1,0,0,0,0,1,1,1,2,2
876,0,0,0,0,0,0,0,1,2,0,1,0
877,1,1,0,0,0,1,0,1,2,0,2,1
878,1,1,0,0,0,1,0,2,1,0,0,1
879,0,1,0,0,0,0,1,2,2,0,0,1
880,1,1,0,0,0,0,0,1,1,0,0,1
881,1,1,0,0,0,1,0,1,2,0,1,1
882,1,0,1,0,1,0,0,1,1,1,2,1
883,0,1,0,0,0,0,1,2,2,0,0,1
884,1,1,0,0,0,1,0,2,1,0,0,1
885,1,1,0,0,0,0,0,2,1,0,1,1
886,1,1,0,0,0,0,0,2,1,0,1,1
887,2,1,1,0,0,1,0,1,1,1,2,2
888,0,1,0,0,0,1,0,1,2,0,1,1
889,2,2,1,1,0,1,1,3,1,0,0,1
890,0,0,0,0,0,1,0,1,2,0,1,1
891,0,1,0,0,0,0,1,2,2,0,0,1
892,1,0,0,0,0,0,0,2,1,0,0,1
893,0,1,0,0,0,0,1,2,2,0,0,1
894,0,1,0,0,0,0,1,2,2,0,0,1
895,0,1,0,0,0,1,0,1,2,0,1,1
896,1,0,1,0,0,0,0,1,1,1,2,2
897,0,1,0,0,0,1,0,1,2,0,1,1
898,1,0,1,0,0,0,0,1,1,1,2,2
899,1,2,0,0,0,0,0,2,2,0,1,0
900,1,0,1,0,0,0,0,1,2,0,2,1
901,0,1,0,0,0,0,0,2,2,0,1,2
902,0,1,0,0,0,0,0,2,2,0,1,2
903,0,1,0,1,0,0,0,1,2,0,1,2
904,0,1,0,1,0,0,0,1,2,0,1,2
905,1,1,0,0,0,0,1,2,1,0,0,1
906,0,1,1,0,0,0,1,1,2,0,1,1
907,0,1,0,0,0,0,0,1,2,0,1,1
908,0,1,0,0,0,1,0,1,2,0,1,1
909,0,0,1,0,0,0,0,0,1,0,1,1
910,1,0,1,0,0,0,0,1,1,0,2,1
911,1,0,1,2,0,0,0,2,1,0,1,1
912,1,0,1,0,0,0,0,1,1,0,2,1
913,1,0,1,1,0,0,0,1,1,0,2,2
914,0,0,1,0,0,0,0,0,1,0,1,1
915,1,0,1,0,0,0,0,1,1,0,2,1
916,0,1,0,0,0,0,0,1,2,0,1,1
917,0,0,1,2,0,1,0,2,2,0,1,1
918,1,0,1,0,0,1,1,1,1,0,1,1
919,1,1,0,0,0,2,0,1,2,1,2,1
920,1,0,1,0,0,0,0,2,1,0,1,1
921,1,0,1,0,0,1,1,1,1,0,1,1
922,1,1,0,0,0,2,0,1,2,1,2,1
923,0,0,1,2,0,1,0,2,2,0,1,1
924,1,0,1,0,0,0,0,1,1,1,1,1
925,1,0,1,0,0,2,1,1,2,1,1,2
926,1,0,1,0,0,2,0,2,2,1,1,1
927,1,1,0,0,0,0,0,2,1,0,0,0
928,1,0,1,0,0,0,0,1,1,1,1,1
929,1,0,1,0,0,0,0,1,1,0,2,2
930,0,1,0,0,0,0,0,2,2,0,1,1
931,0,1,0,0,0,0,0,2,2,0,0,1
932,1,0,1,0,0,1,0,2,2,0,0,1
933,0,1,0,0,0,0,0,2,2,0,0,1
934,0,1,0,0,0,0,0,2,2,0,1,1
935,1,0,1,0,0,1,0,1,2,0,2,1
936,1,0,1,0,0,1,0,1,2,0,2,1
937,2,1,2,0,0,0,0,2,1,0,1,0
938,0,0,1,0,0,1,0,1,1,0,2,2
939,0,0,0,0,0,0,0,1,2,0,1,1
940,1,0,2,0,0,0,0,1,1,1,2,2
941,1,0,1,1,0,0,0,1,1,0,2,2
942,1,0,1,0,0,0,0,2,1,0,0,2
943,1,1,1,0,0,0,0,2,1,0,0,2
944,1,0,1,0,0,0,0,1,1,0,2,2
945,1,0,1,0,0,0,0,1,1,1,1,2
946,1,0,2,0,0,0,0,2,1,1,2,2
947,1,0,1,0,0,0,0,1,1,0,2,2
948,1,0,1,0,0,0,0,1,2,1,2,2
949,1,0,1,0,0,0,0,1,2,1,2,2
950,1,0,1,0,0,0,0,1,2,1,2,2
951,1,0,1,0,0,0,0,1,1,0,2,2
952,1,0,1,0,0,0,0,1,1,0,1,2
953,1,0,1,0,0,0,0,1,1,0,2,2
954,1,0,1,0,0,0,0,1,2,0,2,1
955,1,0,2,0,0,0,0,1,1,0,1,1
956,1,0,2,0,0,0,0,1,1,0,1,1
957,1,0,2,0,0,0,0,1,1,0,1,1
958,0,1,0,0,0,1,0,1,2,0,1,2
959,1,1,0,0,0,0,0,2,1,0,0,1
960,1,0,1,0,0,0,0,1,1,1,1,1
961,0,1,0,0,0,0,0,1,1,0,0,1
962,0,1,0,0,0,0,0,1,2,0,0,1
963,1,0,1,0,0,1,0,1,1,0,1,1
964,1,0,1,0,0,0,0,1,1,1,1,1
965,1,0,1,0,0,1,0,1,1,1,1,1
966,1,0,1,0,0,0,0,1,1,0,2,2
967,1,1,0,0,0,1,1,2,1,0,0,1
968,1,0,1,0,0,1,0,1,1,0,2,1
969,0,1,0,0,0,0,0,1,2,0,1,1
970,2,0,1,0,0,0,0,2,1,1,1,1
971,2,0,1,0,0,0,0,2,1,1,1,1
972,1,0,2,0,0,0,0,1,1,0,1,2
973,1,0,1,0,0,0,0,1,2,0,1,1
974,1,0,1,1,0,0,0,1,1,0,2,2
975,0,0,1,0,0,1,0,2,2,0,0,1
976,0,0,1,0,0,1,0,2,2,0,0,1
977,1,1,1,0,0,1,1,2,1,0,0,1
978,0,0,1,0,0,0,0,1,1,0,1,2
979,2,0,1,0,0,0,0,2,1,0,1,1
980,1,1,1,0,0,0,0,2,1,0,1,1
981,1,2,1,0,0,0,0,2,1,0,0,1
982,0,1,1,0,0,2,0,1,1,1,2,1
983,1,1,1,0,0,0,0,2,1,0,1,1
984,2,0,1,0,0,0,0,2,1,0,1,1
985,0,1,0,0,0,0,0,1,2,0,1,1
986,1,0,1,0,0,0,0,1,1,0,1,2
987,0,0,1,0,0,1,0,2,2,0,0,1
988,1,0,0,0,0,1,0,1,1,0,0,1
989,1,0,1,0,0,0,0,1,1,0,1,1
990,1,0,0,0,0,1,0,1,1,0,0,1
991,0,0,1,0,0,1,0,2,2,0,0,1
992,0,0,0,0,0,1,0,1,1,0,0,1
993,0,0,1,0,0,1,0,2,2,0,0,1
994,1,0,1,0,0,1,1,2,1,0,0,1
995,1,1,0,0,0,1,0,2,2,0,1,1
996,0,1,0,0,0,0,0,1,3,0,2,2
997,0,1,0,0,0,0,0,1,3,0,2,2
998,1,1,1,0,0,0,0,1,1,0,0,1
999,0,1,0,0,0,0,0,0,2,0,2,1
1000,1,0,1,0,0,0,0,1,2,0,1,2
1001,1,0,1,0,0,1,0,1,1,1,1,2
1002,1,0,1,0,0,0,0,1,1,1,2,2
1003,0,0,1,0,0,0,0,0,1,0,2,2
1004,1,0,1,0,0,1,0,1,1,0,1,1
1005,0,0,1,0,0,0,0,0,1,0,2,2
1006,1,0,1,0,0,0,0,1,1,1,2,2
1007,1,0,1,0,0,0,0,1,1,1,2,2
1008,1,0,1,0,0,0,0,1,1,0,2,2
1009,1,1,1,0,0,1,0,2,1,0,1,1
1010,1,0,1,0,0,0,0,1,1,0,2,2
1011,1,0,1,0,0,0,0,1,1,0,1,1
1012,1,2,0,0,0,0,0,1,1,0,0,1
1013,1,1,0,0,0,1,0,1,2,0,0,1
1014,1,1,0,0,0,0,0,1,1,0,1,1
1015,2,0,1,0,0,0,0,1,1,1,1,1
1016,1,0,1,0,0,0,0,1,1,1,2,2
1017,1,0,1,0,0,1,1,0,0,0,2,1
1018,1,0,1,0,0,1,1,0,0,0,2,1
1019,0,1,0,0,0,0,0,1,2,0,1,1
1020,2,0,2,0,0,0,0,1,1,0,2,1
1021,2,0,2,0,0,0,0,1,1,0,2,1
1022,0,1,0,0,0,0,0,1,1,0,1,1
1023,1,0,1,0,0,0,0,1,1,0,2,1
1024,1,1,0,0,0,0,0,1,1,0,1,2
1025,1,1,0,0,0,0,0,2,1,0,1,1
1026,1,0,1,0,0,0,0,1,2,0,2,1
1027,0,1,0,0,0,1,0,1,2,0,1,1
1028,0,0,0,0,0,2,0,1,1,0,1,1
1029,1,1,0,0,0,0,0,1,1,0,1,2
1030,0,1,0,0,0,0,0,1,2,0,1,2
1031,0,1,0,0,0,0,0,1,1,0,1,2
1032,1,1,0,0,0,0,0,2,1,0,0,1
1033,1,1,0,0,0,0,0,1,1,0,1,1
1034,1,1,0,0,0,0,0,2,1,0,0,1
1035,1,0,1,0,0,0,0,1,1,0,1,2
1036,1,0,1,0,0,1,0,1,1,0,2,2
1037,0,2,0,0,0,1,0,1,1,0,0,1
1038,1,0,1,1,0,1,0,1,1,1,2,2
1039,1,1,0,0,0,1,0,2,1,1,1,1
1040,0,2,0,0,0,0,0,2,2,0,1,1
1041,0,1,0,0,0,0,0,1,2,0,0,1
1042,1,1,0,0,0,1,0,2,1,1,1,1
1043,1,0,1,2,0,0,0,2,1,1,1,2
1044,0,0,1,0,0,0,0,0,1,0,2,1
1045,0,0,0,0,0,1,0,1,1,0,1,1
1046,1,1,0,0,0,1,0,1,1,0,1,1
1047,0,0,0,0,0,1,0,1,2,0,1,1
1048,1,1,1,0,0,0,0,2,1,1,1,1
1049,1,1,1,0,0,0,0,2,1,1,1,1
1050,0,0,0,0,0,1,0,1,2,0,1,1
1051,1,0,2,0,2,0,0,2,0,2,0,1
1052,0,1,0,0,0,1,0,0,2,0,2,1
1053,1,0,1,0,0,0,0,1,2,1,2,2
1054,1,1,1,0,0,0,1,2,1,0,0,1
1055,1,1,1,0,0,0,1,2,1,0,0,1
1056,1,0,2,0,0,0,0,1,1,0,2,2
1057,1,0,1,0,0,1,1,2,1,0,0,1
1058,1,1,2,0,0,1,0,2,1,1,1,2
1059,1,0,2,0,0,0,0,1,1,0,2,2
1060,2,0,2,0,0,0,0,2,1,0,0,1
1061,1,0,2,0,0,0,0,1,1,0,2,2
1062,1,0,1,0,0,0,0,1,1,0,1,1
1063,1,0,2,0,0,0,0,1,1,0,2,1
1064,1,1,0,0,0,0,0,1,1,0,2,1
1065,1,1,0,0,0,0,0,1,1,0,1,1
1066,0,1,0,0,0,0,0,1,2,0,2,2
1067,2,0,2,0,0,0,0,1,0,1,1,2
1068,2,0,2,0,0,0,0,1,0,1,1,2
1069,1,1,1,0,0,1,0,2,1,0,1,1
1070,1,0,1,0,0,1,0,1,1,1,1,2
1071,1,1,0,1,0,1,1,2,1,0,0,1
1072,0,0,1,0,0,1,0,1,2,0,0,1
1073,1,1,1,0,0,0,0,2,1,0,1,1
1074,1,1,0,1,0,1,1,2,1,0,0,1
1075,1,0,1,0,0,2,0,2,2,1,1,2
1076,1,0,2,0,0,0,0,1,1,0,1,1
1077,1,0,2,1,0,0,0,2,1,0,1,1
1078,1,0,2,1,0,0,0,2,1,0,1,1
1079,1,0,2,2,0,2,3,0,0,0,2,2
1080,2,0,2,0,0,0,0,1,1,0,2,1
1081,1,0,2,2,0,2,3,0,0,0,2,2
1082,0,0,1,0,0,1,0,1,2,0,0,1
1083,1,0,1,0,0,1,0,1,1,1,2,1
1084,0,0,1,0,0,1,0,1,2,0,0,1
1085,0,0,0,0,0,2,0,1,1,0,0,1
1086,1,0,1,1,0,0,0,2,2,0,1,2
1087,1,0,1,0,0,0,0,1,1,0,1,1
1088,2,0,2,0,0,1,0,2,0,1,0,2
1089,2,0,2,0,0,1,0,2,0,1,0,2
1090,1,0,2,0,0,2,0,1,0,0,2,2
1091,1,0,1,0,0,0,0,1,1,0,1,1
1092,0,1,0,0,0,0,0,1,2,0,1,1
1093,1,0,1,0,0,0,0,1,1,1,2,2
1094,0,1,0,1,0,0,0,1,1,0,1,1
1095,1,0,1,0,0,0,0,2,1,0,1,1
1096,0,1,0,1,0,0,0,1,1,0,1,1
1097,1,1,1,0,0,0,0,1,1,0,0,1
1098,1,0,1,0,1,0,0,1,1,1,2,2
1099,1,1,1,0,0,0,0,1,1,0,0,1
1100,1,0,1,0,0,1,0,1,1,1,2,1
1101,0,1,1,0,0,0,0,1,1,0,2,1
1102,0,0,0,0,0,0,0,1,2,0,1,1
1103,0,1,1,0,0,0,0,1,1,0,2,1
1104,1,0,1,0,0,0,0,1,1,0,2,1
1105,0,1,1,0,0,0,0,1,2,0,2,1
1106,1,0,1,0,0,0,0,1,1,0,2,1
1107,1,0,1,0,0,0,0,1,1,1,2,2
1108,1,1,0,0,0,0,0,2,1,0,0,1
1109,2,0,1,0,1,1,0,2,1,1,1,1
1110,1,1,0,0,0,0,0,1,1,0,0,1
1111,0,0,1,0,0,1,0,1,3,0,2,2
1112,1,0,1,0,0,0,0,1,1,0,1,1
1113,1,0,1,0,0,0,0,2,1,0,0,1
1114,0,0,2,0,0,1,1,0,2,0,3,1
1115,0,1,0,0,0,0,0,1,2,0,1,1
1116,0,1,0,0,0,0,0,1,2,0,1,1
1117,0,1,0,0,0,0,0,1,2,0,1,1
1118,0,0,0,0,0,0,0,0,1,0,3,1
1119,0,1,0,0,0,0,0,0,2,0,2,1
1120,1,1,1,0,0,0,0,0,1,0,2,2
1121,0,1,0,0,0,1,0,1,2,0,2,1
1122,0,0,0,0,0,1,0,0,2,0,2,1
1123,2,0,1,0,0,0,0,1,1,0,1,1
1124,0,1,0,0,0,0,0,1,2,0,1,0
1125,1,0,1,0,0,0,0,1,1,0,1,2
1126,0,0,1,0,0,0,0,0,2,0,3,1
1127,0,1,0,0,0,1,0,1,2,0,1,1
1128,1,0,1,0,0,1,1,2,1,0,0,1
1129,2,0,1,0,0,1,0,2,1,0,1,1
1130,1,1,0,0,0,0,0,2,1,0,1,1
1131,0,0,0,0,0,3,1,0,1,0,0,1
1132,0,0,1,0,0,0,0,0,2,1,3,2
1133,0,0,0,1,0,0,0,1,1,0,1,2
1134,1,0,1,0,0,0,0,1,1,0,2,2
1135,1,0,1,0,0,1,0,1,2,0,2,1
1136,2,1,1,0,0,0,0,2,1,1,1,1
1137,2,1,1,0,0,0,0,2,1,1,1,1
1138,1,0,0,0,0,1,1,2,1,0,0,1
1139,1,1,0,0,0,0,1,2,1,0,0,1
1140,0,0,1,0,0,1,1,2,2,0,0,1
1141,1,0,1,0,0,1,0,1,1,1,1,1
1142,0,0,0,0,0,0,0,1,1,0,1,1
1143,0,0,1,0,0,0,0,1,2,1,0,1
1144,0,0,0,0,0,1,0,1,2,0,1,1
1145,1,0,1,0,0,1,0,1,2,1,1,1
1146,1,1,0,0,1,0,0,1,1,1,0,1
1147,1,0,1,1,0,0,0,2,1,0,2,2
1148,1,0,1,0,0,0,0,1,2,0,1,1
1149,1,0,1,0,0,0,0,1,1,0,2,1
1150,1,0,1,0,0,0,0,1,1,1,2,2
1151,0,1,0,0,0,0,0,1,2,0,2,1
1152,1,1,1,0,0,0,0,1,1,0,0,1
1153,1,0,1,0,0,0,0,1,1,0,1,1
1154,0,1,0,0,0,2,0,1,2,0,1,1
1155,1,1,1,0,0,0,0,1,1,0,0,1
1156,1,0,2,0,0,2,1,1,1,1,2,2
1157,0,1,0,0,0,0,1,0,2,1,2,2
1158,0,0,1,0,0,1,0,1,2,1,1,1
1159,1,0,1,0,0,0,0,2,1,0,1,1
1160,2,0,2,0,0,0,0,1,1,0,1,2
1161,1,0,1,0,0,0,0,1,1,1,1,1
1162,1,0,1,0,0,0,0,1,1,0,2,2
1163,1,1,0,0,0,0,0,2,1,0,0,1
1164,1,1,0,0,0,0,0,2,1,0,0,1
1165,1,0,2,0,2,0,0,1,0,1,0,1
1166,1,1,1,0,0,0,0,2,0,1,1,1
1167,1,0,1,0,0,1,0,1,1,1,2,2
1168,0,0,1,0,0,0,0,1,1,0,2,1
1169,1,1,1,0,0,0,0,1,1,0,1,1
1170,1,0,1,0,0,0,0,1,1,0,1,1
1171,0,1,0,0,0,1,0,1,2,0,1,1
1172,1,0,1,0,0,0,0,1,1,0,2,1
1173,1,0,1,0,0,1,0,2,2,0,0,1
1174,1,0,1,0,0,1,0,2,2,0,0,1
1175,0,1,0,0,0,2,0,1,2,0,1,1
1176,0,2,0,1,0,1,0,1,2,0,1,0
1177,0,1,0,0,0,0,0,0,1,0,2,2
1178,0,2,0,0,0,0,1,0,2,0,1,1
1179,1,0,1,0,0,0,0,1,1,1,1,1
1180,1,0,1,0,0,0,0,1,1,1,1,1
1181,1,0,1,0,0,0,0,1,1,0,1,1
1182,1,0,1,0,0,2,0,2,2,1,1,1
1183,0,1,0,0,0,0,0,1,1,0,0,1
1184,0,1,0,0,0,0,1,1,1,0,1,1
1185,0,0,1,0,0,0,0,0,1,0,2,1
1186,0,1,0,1,0,0,0,1,2,0,2,1
1187,0,0,1,0,0,0,0,0,1,0,2,1
1188,0,1,0,0,0,0,1,1,1,0,1,1
1189,1,2,0,0,0,0,0,1,1,0,0,0
1190,1,0,2,1,0,0,0,1,1,0,2,1
1191,0,2,0,0,1,0,0,1,2,0,1,1
1192,0,0,1,0,0,0,0,1,2,1,2,2
1193,0,2,0,0,1,0,0,1,2,0,1,1
1194,0,1,0,0,0,0,0,1,1,0,0,1
1195,0,0,0,0,0,1,0,1,2,0,0,1
1196,1,1,0,0,0,1,1,1,1,0,0,1
1197,1,1,0,0,0,0,0,1,1,0,0,1
1198,1,0,1,0,0,1,1,1,1,1,1,1
1199,1,1,0,0,0,1,1,1,1,0,0,1
1200,1,1,0,0,0,0,0,1,1,0,0,1
1201,1,0,1,0,0,0,0,1,1,0,1,2
1202,1,0,1,0,0,0,0,1,1,0,2,2
1203,1,1,0,1,0,1,0,2,1,0,0,1
1204,0,0,1,0,0,1,0,1,2,1,1,2
1205,0,0,1,0,0,1,0,1,2,1,1,2
1206,0,0,1,0,0,1,0,1,2,1,1,2
1207,1,1,2,0,0,1,0,2,1,1,0,1
1208,0,0,1,0,0,1,0,1,2,1,1,2
1209,0,0,1,0,0,0,0,1,2,1,1,2
1210,0,1,0,0,0,0,0,1,1,0,1,1
1211,0,0,0,0,0,1,0,1,1,0,0,1
1212,0,1,0,0,0,0,0,1,1,0,1,1
1213,1,0,1,0,0,0,0,1,1,1,1,1
1214,1,0,1,0,0,0,0,1,1,0,1,1
1215,1,0,1,0,0,1,0,1,1,0,1,1
1216,1,1,1,0,0,0,1,1,1,0,0,1
1217,1,0,1,0,0,2,0,1,1,1,2,1
1218,1,0,1,0,0,0,0,1,1,0,1,1
1219,1,0,1,0,0,1,0,1,1,1,1,1
1220,2,0,2,0,0,0,0,2,1,1,1,1
1221,2,0,2,0,0,0,0,2,1,1,1,1
1222,1,1,0,0,0,1,1,1,1,0,0,1
1223,2,0,1,0,0,0,0,1,1,1,2,1
1224,2,0,1,0,0,0,0,2,1,1,1,1
1225,1,0,0,0,0,0,1,2,1,0,0,1
1226,1,1,0,0,0,1,0,1,0,0,0,1
1227,1,1,1,0,0,0,0,2,1,0,0,1
1228,0,0,0,0,0,0,1,0,2,0,3,2
1229,1,0,1,0,0,1,0,2,2,0,0,1
1230,1,0,1,0,0,0,0,1,1,1,2,1
1231,1,1,0,0,0,2,1,1,2,0,1,1
1232,1,0,1,0,0,1,0,2,2,0,0,1
1233,1,0,1,0,0,0,0,1,1,0,0,0
1234,0,1,0,0,0,0,0,0,2,0,2,1
1235,0,0,1,3,0,0,1,1,1,0,1,0
1236,1,1,0,0,0,0,0,1,1,0,0,1
1237,0,1,0,0,0,0,0,0,2,0,2,1
1238,1,1,0,0,0,0,0,2,2,0,0,0
1239,0,1,0,0,0,0,0,1,2,0,2,0
1240,1,1,0,0,0,1,0,1,1,0,0,1
1241,1,0,1,0,0,1,0,2,1,0,0,1
1242,1,0,1,0,0,0,0,1,1,0,2,1
1243,1,1,0,0,0,0,1,2,1,0,0,1
1244,0,0,1,3,0,3,2,2,1,0,1,1
1245,0,1,0,0,0,0,0,1,2,0,1,1
1246,0,1,0,0,0,0,0,1,1,0,0,1
1247,0,1,0,0,0,0,0,1,2,0,1,1
1248,0,0,1,0,0,1,0,1,2,1,1,1
1249,0,1,0,0,0,1,0,1,2,0,1,1
1250,0,1,0,0,0,1,0,1,2,0,1,1
1251,1,1,0,0,0,1,0,1,1,0,0,1
1252,0,1,0,0,0,0,0,1,2,0,0,1
1253,1,1,0,0,0,0,0,1,2,0,0,1
1254,1,1,0,0,0,1,0,1,2,0,1,1
1255,0,1,0,0,0,1,0,1,2,0,1,1
1256,1,1,0,0,0,2,0,1,1,0,0,1
1257,0,1,1,1,0,0,0,1,1,0,1,1
1258,0,1,0,0,0,0,0,1,2,0,1,1
1259,0,1,0,0,0,0,0,1,2,0,1,1
1260,1,1,2,0,2,1,0,1,0,1,0,1
1261,0,2,0,0,0,0,0,1,2,0,1,0
1262,1,0,1,0,0,1,0,2,1,0,0,1
1263,1,1,0,0,0,0,0,2,1,0,0,0
1264,1,0,1,0,0,1,0,1,2,0,2,1
1265,0,1,0,0,0,0,0,1,2,0,1,1
1266,0,1,0,0,0,0,0,1,2,0,1,1
1267,2,0,2,0,0,0,0,1,1,1,1,1
1268,0,0,1,0,0,1,0,1,2,0,0,1
1269,0,1,0,0,0,1,1,0,2,1,3,2
1270,0,0,0,0,0,1,0,0,3,1,3,1
1271,0,0,0,0,0,1,0,1,2,0,2,1
1272,0,0,0,0,0,1,0,1,2,0,1,1
1273,1,1,0,0,0,1,0,1,1,0,0,1
1274,1,1,0,0,0,0,0,1,1,0,1,1
1275,1,1,0,0,0,0,1,1,1,0,0,1
1276,1,0,1,1,0,0,0,1,1,0,2,0
1277,0,1,0,0,0,0,0,1,1,0,0,1
1278,1,1,0,0,0,0,1,1,1,0,0,1
1279,1,0,1,0,0,0,0,1,1,0,1,2
1280,0,0,0,0,0,1,0,1,1,0,1,1
1281,0,0,0,0,0,1,0,1,1,0,1,1
1282,1,1,0,0,0,0,0,1,1,0,1,1
1283,1,1,1,0,0,0,0,2,1,0,1,1
1284,0,0,0,0,0,0,0,1,2,0,1,1
1285,2,0,2,0,0,1,0,2,1,0,1,1
1286,0,0,1,0,0,0,0,0,1,0,2,1
1287,1,1,0,0,0,0,0,0,1,0,2,1
1288,0,1,1,0,0,1,1,2,1,2,1,1
1289,0,1,1,0,0,1,1,2,1,2,1,1
1290,1,1,0,0,0,0,0,1,1,0,1,1
1291,1,1,0,0,0,1,0,1,1,1,1,1
1292,0,0,0,0,0,0,0,1,2,0,2,1
1293,1,1,0,0,0,0,0,1,1,0,0,0
1294,1,1,0,0,0,1,0,1,1,1,1,1
1295,0,1,0,0,0,2,1,1,1,0,0,1
1296,0,1,0,0,0,2,1,1,1,0,0,1
1297,0,1,0,0,0,0,0,0,1,0,2,1
1298,0,1,0,0,0,0,0,0,2,0,2,1
1299,1,3,0,0,0,0,0,1,2,0,1,0
1300,0,1,0,0,0,0,0,1,3,0,2,1
1301,0,2,0,0,0,1,0,1,2,0,2,1
1302,1,0,1,0,0,0,0,1,1,1,1,1
1303,1,0,1,0,0,1,0,1,1,0,1,1
1304,1,1,0,0,0,1,0,1,1,0,0,1
1305,1,1,1,0,0,1,1,1,1,0,0,1
1306,1,1,1,0,0,1,1,2,1,0,1,1
1307,0,1,0,0,0,0,0,1,2,0,1,0
1308,1,1,1,0,0,1,1,2,1,0,1,1
1309,0,1,0,0,0,1,0,1,1,0,0,1
1310,1,1,1,0,0,1,1,1,1,0,0,1
1311,0,1,0,0,0,0,0,0,1,0,2,1
1312,1,2,0,0,0,0,0,1,1,0,1,1
1313,0,0,0,0,0,1,0,1,2,0,1,1
1314,0,0,0,0,0,1,0,1,2,0,1,1
1315,1,1,1,0,0,0,1,1,1,0,0,1
1316,0,1,0,0,0,0,0,0,3,0,2,1
1317,1,0,1,0,0,0,0,1,1,0,2,1
1318,1,1,1,0,0,0,1,1,1,0,0,1
1319,1,1,2,0,2,0,0,1,0,2,0,1
1320,1,1,1,0,0,0,1,2,1,0,1,1
1321,0,1,0,0,0,0,0,0,3,0,2,1
1322,1,0,1,0,0,0,0,1,1,0,1,1
1323,1,0,1,0,0,1,0,1,1,1,1,2
1324,0,0,0,0,0,0,0,1,2,0,1,1
1325,0,0,0,0,0,0,0,1,2,0,1,1
1326,0,0,0,0,0,0,0,1,2,0,1,1
1327,0,0,0,0,0,0,0,1,2,0,1,1
1328,0,1,0,0,0,0,0,1,1,0,0,1
1329,0,1,1,0,0,0,1,1,1,0,0,1
1330,0,1,1,0,0,0,1,1,1,0,0,1
1331,1,2,1,0,0,1,0,1,1,0,0,1
1332,1,0,0,0,0,0,0,1,1,0,0,1
1333,1,1,0,0,0,0,0,2,1,0,0,1
1334,0,1,0,0,1,0,0,1,2,0,0,1
1335,0,1,0,0,0,1,0,1,2,0,2,1
1336,0,1,0,0,0,0,0,1,1,0,0,1
1337,0,1,0,0,0,0,0,1,1,0,0,1
1338,0,1,0,0,0,0,0,1,1,0,0,1
1339,1,1,0,0,0,0,0,1,1,0,1,1
1340,1,1,0,0,0,0,0,1,1,0,1,1
1341,1,1,0,0,0,0,0,1,1,0,1,1
1342,1,1,0,0,0,0,0,1,1,0,1,1
1343,1,1,0,0,0,0,0,1,1,0,1,1
1344,2,0,1,0,0,0,0,2,1,0,1,1
1345,1,0,0,0,0,0,0,1,1,0,1,1
1346,0,1,0,0,0,0,0,1,2,0,1,1
1347,0,1,0,0,0,0,0,1,1,0,0,1
1348,0,1,0,0,0,0,0,1,1,0,0,1
1349,0,1,0,0,0,1,0,1,2,0,1,1
1350,1,1,1,0,0,1,0,1,1,0,0,1
1351,0,1,0,0,0,0,0,0,1,0,2,1
1352,1,1,0,0,0,0,0,2,1,0,1,1
1353,1,1,0,0,0,0,0,2,1,0,1,1
1354,0,1,0,0,0,0,0,1,1,0,0,1
1355,0,0,1,0,0,0,0,1,1,0,1,1
1356,0,0,1,0,0,0,0,1,1,0,1,1
1357,0,0,0,0,0,1,0,1,2,0,1,1
1358,0,1,0,1,1,2,1,2,1,0,0,1
1359,2,0,1,0,0,0,0,2,1,0,1,1
1360,1,1,1,0,0,0,0,2,1,0,1,1
1361,1,1,0,0,0,0,0,2,1,0,1,1
1362,2,0,1,0,0,0,0,2,1,0,1,1
1363,1,1,1,0,0,0,0,1,1,0,0,0
1364,0,1,0,0,0,0,0,1,2,0,2,1
1365,1,1,0,0,0,0,0,2,1,0,0,1
1366,0,1,0,0,0,0,0,1,1,0,0,1
1367,0,1,1,0,0,0,1,2,1,2,1,1
1368,1,1,1,0,0,0,0,1,1,0,0,1
1369,0,1,0,0,0,0,0,1,1,0,1,0
1370,1,1,2,0,2,0,0,1,0,2,0,1
1371,1,1,2,0,0,0,0,1,1,1,1,1
1372,1,1,2,0,2,0,0,1,0,2,0,1
1373,1,1,1,0,0,1,1,1,1,0,0,1
1374,0,1,0,0,1,0,0,1,1,0,0,0
1375,0,1,1,0,0,0,1,1,1,0,0,1
1376,1,2,0,0,0,0,0,1,1,0,0,1
1377,0,1,1,0,0,1,0,1,3,0,2,1
1378,0,0,0,0,0,0,0,1,1,0,0,1
1379,1,1,0,0,0,0,0,1,1,0,1,1
1380,1,1,0,0,0,0,0,1,1,0,1,1
1381,0,1,0,0,0,0,0,1,2,0,0,1
1382,1,1,0,0,0,1,1,1,1,0,0,1
1383,1,1,0,0,0,1,1,1,1,0,0,1
1384,0,1,0,0,0,1,1,1,1,0,0,1
1385,1,1,1,0,0,1,1,1,1,0,0,1
1386,0,1,0,0,0,0,0,1,1,0,0,1
1387,0,1,0,0,0,0,0,1,1,0,0,1
1388,0,1,1,1,0,0,0,2,1,0,1,1
1389,0,0,0,0,0,1,1,1,1,0,0,1
1390,0,1,0,0,0,0,0,0,2,0,2,1
1391,1,1,0,0,0,0,0,1,1,0,1,1
1392,0,1,0,0,0,0,0,1,1,0,0,1
1393,1,1,1,0,0,1,0,1,1,0,1,1
1394,0,1,0,0,0,1,0,1,1,0,0,1
1395,1,1,0,0,0,0,0,2,1,0,0,1
1396,1,1,0,0,0,0,0,2,1,0,0,1
1397,0,1,1,0,0,0,1,1,1,0,0,1
1398,0,1,0,0,0,0,0,1,2,0,1,2
1399,0,1,0,0,0,0,0,1,2,0,1,1
1400,1,1,0,0,0,1,1,1,1,0,0,1
1401,1,1,0,0,0,1,1,1,1,0,0,1
1402,1,0,1,0,0,0,0,1,2,1,2,1
1403,0,0,1,0,0,0,0,1,1,1,0,2
1404,1,1,1,0,0,0,0,2,2,0,1,1
1405,1,0,1,0,0,0,0,1,1,1,1,2
1406,1,0,1,1,0,0,0,2,1,1,1,1
1407,0,1,0,0,0,2,0,1,2,1,1,1
1408,1,0,1,0,0,1,0,1,1,1,2,2
1409,0,1,0,0,0,2,0,1,2,1,1,1
1410,0,2,0,0,0,0,0,1,2,0,2,1
1411,0,0,1,0,0,0,0,1,2,0,1,1
1412,1,0,1,1,0,0,0,2,1,1,1,1
1413,1,1,1,0,0,0,1,1,0,1,1,1
1414,1,0,2,0,0,0,0,2,1,1,0,1
1415,0,1,0,0,0,0,0,1,2,1,0,1
1416,1,0,2,0,0,0,0,2,1,1,0,1
1417,0,0,1,0,0,1,0,1,1,1,2,2
1418,1,1,0,0,0,0,0,1,1,0,0,1
1419,1,1,0,0,0,1,1,1,1,0,0,1
1420,1,1,0,0,0,0,0,1,1,0,0,1
1421,1,0,0,0,0,1,0,1,1,0,0,1
1422,0,1,0,0,0,2,0,1,2,1,1,1
1423,0,1,0,0,0,0,0,1,2,0,1,0
1424,1,0,1,0,0,0,0,2,1,0,0,1
1425,1,0,1,0,0,0,0,2,1,0,0,1
1426,1,0,1,0,0,1,0,2,2,0,2,1
1427,1,0,1,0,0,0,0,1,1,0,1,1
1428,1,1,0,0,0,1,0,1,1,0,1,1
1429,1,0,1,0,0,2,0,1,1,1,1,1
1430,0,0,0,0,0,0,0,1,1,0,1,1
1431,1,0,1,0,0,0,0,1,1,0,0,1
1432,0,0,0,0,0,0,0,1,2,1,2,1
1433,0,0,0,0,0,0,0,1,2,0,1,2
1434,1,1,1,3,1,3,1,3,1,1,0,1
1435,1,1,1,3,1,3,1,3,1,1,0,1
1436,1,0,1,0,1,1,1,2,1,0,0,1
1437,0,2,1,1,0,0,0,1,2,0,1,1
1438,0,1,0,0,0,0,0,1,2,0,1,1
1439,0,1,0,0,0,1,1,1,1,0,1,1
1440,0,0,1,0,0,0,0,1,1,0,1,2
1441,0,1,0,1,0,1,1,2,1,0,0,1
1442,0,1,0,0,0,0,0,2,2,1,0,1
1443,0,1,0,0,0,0,0,0,2,0,2,1
1444,0,1,0,0,0,1,1,1,1,0,1,1
1445,0,1,0,1,0,1,1,2,1,0,0,1
1446,0,1,0,0,0,0,0,2,2,1,0,1
1447,0,1,0,0,0,1,0,2,2,0,0,1
1448,0,1,0,0,0,2,0,1,2,0,0,1
1449,0,0,1,0,0,0,0,1,1,1,1,2
1450,0,0,1,0,0,0,0,1,1,0,1,2
1451,1,0,1,0,0,0,0,2,1,1,1,2
1452,0,1,0,0,0,2,0,1,1,1,1,2
1453,1,1,1,0,0,1,1,2,2,0,0,1
1454,2,0,2,0,0,0,0,2,1,0,1,1
1455,0,2,0,0,0,0,0,1,2,0,1,1
1456,0,1,0,0,0,2,1,0,1,0,1,1
1457,1,1,1,0,0,1,1,2,2,0,0,1
1458,1,0,1,0,0,0,0,1,2,0,1,1
1459,1,0,1,0,0,0,0,1,1,1,2,2
1460,0,0,0,0,0,1,0,2,2,0,1,1
1461,0,1,0,0,0,0,0,1,2,0,0,0
1462,0,1,0,0,0,0,0,1,1,0,1,1
1463,0,1,0,0,0,0,0,1,1,0,1,1
1464,0,1,0,0,0,1,0,1,2,0,0,1
1465,0,1,0,0,0,1,0,1,2,0,0,1
1466,0,0,1,0,0,1,0,2,1,0,0,2
1467,0,2,0,0,0,1,0,1,2,0,1,0
1468,0,0,1,0,0,1,0,2,1,0,0,2
1469,0,2,0,0,0,1,0,2,1,0,0,0
1470,1,1,0,0,0,0,0,1,0,0,0,1
1471,0,1,0,0,0,0,0,0,2,0,2,1
1472,1,0,2,0,0,1,0,1,2,1,1,1
1473,0,1,0,0,0,0,0,0,2,0,1,1
1474,1,1,2,3,1,2,1,3,1,1,0,1
1475,0,0,0,0,0,0,1,0,2,1,3,2
1476,1,1,2,3,1,2,1,3,1,1,0,1
1477,0,0,0,0,0,0,1,0,2,1,3,2
1478,0,2,0,1,0,0,0,2,2,0,1,0
1479,1,0,2,0,0,0,0,2,2,0,1,1
1480,0,1,0,0,0,0,0,1,2,0,1,0
1481,1,0,2,0,0,0,0,2,2,0,1,1
1482,0,1,2,0,0,0,0,2,1,0,1,0
1483,1,0,1,0,0,0,0,1,1,0,1,1
1484,0,2,0,0,0,0,0,1,2,0,1,0
1485,0,1,0,0,0,0,0,1,1,0,0,1
1486,0,1,0,0,0,0,0,1,2,0,1,1
1487,0,1,0,0,0,0,0,1,2,1,1,1
1488,0,1,0,0,0,0,0,1,3,0,1,1
1489,0,1,0,0,0,0,0,1,2,1,1,1
1490,0,0,1,0,0,0,0,0,2,0,2,1
1491,0,1,0,0,0,0,0,1,3,0,1,1
1492,0,1,0,0,0,0,0,1,2,0,2,1
1493,1,1,1,0,0,1,1,1,1,0,0,1
1494,0,0,0,0,0,0,0,1,2,0,0,2
1495,0,0,0,0,0,0,0,1,1,1,1,1
1496,1,1,1,0,0,1,1,1,1,0,0,1
1497,0,1,0,0,0,0,0,1,2,0,1,1
1498,0,2,0,0,0,0,0,1,2,0,1,1
1499,0,1,0,0,0,0,0,1,2,0,1,1
1500,1,1,0,0,0,0,0,1,1,0,0,1
1501,1,1,1,0,0,1,0,1,1,0,0,1
1502,0,1,0,0,0,0,0,1,1,0,0,1
1503,0,0,1,0,0,0,0,1,2,0,1,1
1504,1,0,2,0,0,0,0,1,1,0,1,1
1505,0,1,0,0,0,0,0,1,2,0,0,0
1506,0,1,0,0,0,0,0,1,2,0,1,1
1507,1,0,2,0,0,0,0,1,1,0,1,1
1508,0,0,2,0,0,0,0,2,2,0,1,1
1509,1,0,1,0,0,0,0,1,1,0,1,1
1510,0,0,0,0,0,1,0,1,2,1,0,1
1511,0,1,0,0,0,1,0,2,2,0,0,1
1512,0,1,0,0,0,0,0,1,2,0,1,1
1513,0,1,0,0,0,0,0,0,1,0,1,1
1514,0,1,0,0,0,0,0,2,2,0,0,1
1515,0,1,0,0,0,0,0,2,2,0,0,1
1516,0,0,1,0,0,1,0,1,2,1,1,1
1517,0,1,0,0,0,1,0,1,2,1,1,1
1518,0,0,1,0,0,0,0,1,1,0,1,1
1519,0,1,0,0,0,0,0,1,2,0,1,1
1520,0,1,0,0,0,1,0,1,2,1,1,1
1521,0,0,0,0,0,0,0,1,2,0,0,0
1522,0,0,1,0,0,1,0,1,2,1,1,1
1523,0,0,1,0,0,1,0,1,1,0,1,1
1524,0,0,0,0,0,1,0,1,2,1,0,1
1525,0,0,0,0,0,0,0,1,1,0,0,1
1526,0,0,0,0,0,0,0,1,1,0,0,1
1527,0,1,0,0,0,0,0,1,1,0,1,1
1528,1,0,1,0,0,1,0,2,1,0,1,1
1529,0,1,0,0,0,2,0,1,2,0,1,1
1530,0,0,0,0,0,0,0,1,2,0,1,1
1531,0,1,0,0,0,0,0,1,2,0,1,1
1532,0,1,0,0,0,0,0,1,1,0,0,1
1533,1,0,1,0,0,1,1,2,2,0,0,1
1534,0,1,0,0,0,0,0,1,2,0,2,2
1535,0,1,0,0,0,0,0,1,1,0,0,1
1536,0,1,0,0,0,1,0,1,2,0,1,1
1537,0,1,0,0,0,1,0,1,2,0,1,1
1538,0,1,0,0,0,0,0,1,2,0,2,1
1539,0,0,1,0,0,1,0,2,2,1,0,1
1540,0,1,0,0,0,0,0,1,2,0,1,1
1541,0,0,1,0,0,1,0,1,2,1,1,2
1542,0,2,0,0,0,1,0,1,1,0,1,1
1543,2,0,1,0,0,0,0,2,1,0,1,1
1544,1,0,1,0,0,0,0,1,1,1,1,2
1545,0,1,1,0,0,0,0,1,1,0,1,1
1546,0,1,0,0,0,0,0,1,1,0,1,1
1547,0,1,0,0,0,0,0,0,2,0,2,1
1548,2,0,2,0,0,1,0,2,1,0,1,1
1549,0,0,1,0,0,0,0,1,1,0,1,2
1550,0,1,0,0,0,0,0,2,2,0,0,1
1551,0,1,0,0,0,0,0,2,2,0,0,1
1552,0,1,0,0,0,1,0,1,2,0,1,1
1553,0,1,0,0,0,0,0,2,2,0,0,1
1554,0,2,0,0,0,0,0,1,2,0,1,1
1555,0,1,0,0,0,0,0,1,2,0,1,2
1556,0,2,0,0,0,0,0,1,2,0,0,1
1557,0,2,0,0,0,0,0,1,2,0,1,1
1558,0,1,1,1,1,3,1,2,1,0,0,1
1559,1,1,1,0,0,1,1,1,1,0,0,1
1560,1,1,1,0,0,1,1,1,1,0,0,1
1561,1,1,1,0,0,1,1,1,1,0,0,1
1562,0,1,0,0,0,0,0,1,1,0,1,1
1563,0,1,0,0,0,0,0,1,1,0,1,1
1564,0,1,0,0,0,0,0,1,1,0,1,1
1565,0,1,0,0,0,1,0,1,2,1,1,1
1566,0,0,2,0,0,1,0,1,1,0,1,1
1567,0,1,0,0,0,0,0,1,1,0,1,1
1568,0,1,0,0,0,1,0,1,1,0,0,1
1569,0,1,0,0,0,0,0,1,2,0,1,1
1570,0,0,2,0,1,1,0,0,1,1,2,1
1571,0,0,0,0,0,0,0,1,2,0,1,1
1572,0,1,1,0,0,1,1,1,1,0,0,1
1573,0,1,0,0,0,0,0,1,2,0,2,1
1574,0,0,3,3,0,1,1,1,2,0,1,1
1575,1,1,1,0,0,0,0,1,1,0,2,1
1576,1,0,2,0,0,0,0,1,1,1,1,1
1577,0,1,0,1,0,0,0,1,2,0,2,1
1578,0,1,0,0,0,0,0,1,2,0,1,1
1579,0,1,0,0,0,1,0,1,2,0,1,1
1580,0,0,1,0,0,0,0,1,1,0,2,1
1581,0,1,0,0,0,1,0,1,2,0,1,1
1582,0,1,0,0,0,0,0,1,2,0,2,1
1583,0,0,1,0,0,1,1,1,1,0,0,1
1584,0,0,1,0,0,1,0,1,1,1,1,2
1585,0,0,1,0,0,1,0,1,1,1,1,1
1586,1,0,1,0,0,1,0,1,1,1,1,1
1587,0,1,0,0,0,0,0,1,2,0,1,1
1588,0,1,1,0,0,1,1,1,1,1,2,1
1589,0,1,0,1,0,1,1,2,1,0,0,1
1590,0,1,0,0,0,1,0,0,1,1,1,1
1591,0,1,0,0,0,0,0,1,2,0,1,1
1592,0,1,0,0,0,1,0,1,2,1,1,1
1593,0,1,0,0,0,1,0,1,2,1,0,1
1594,0,1,0,0,0,1,0,1,2,0,1,1
1595,0,1,0,0,0,2,0,1,2,1,1,1
1596,0,1,0,0,0,1,0,1,2,1,1,1
1597,0,1,0,0,0,1,0,1,2,0,1,1
1598,0,0,1,0,0,0,0,1,2,0,1,1
